Kabupaten / Kota,Produksi Padi (ton),Jumlah Bencana Banjir,Curah Hujan (mm),Serangan Hama (Ha),Luas Irigasi (Ha),Luas Panen (Ha),X,Y
Sleman,116951.41,2,288.23,1351,21831.64,24526,110.3558333,-7.716666667
Kota Yogyakarta,43.09,0,268.48,28,37.33,6,110.39,-7.80
Gunung Kidul,198309.83,1,241.54,860,7282,41994,110.60,-7.96
Kulon Progo,116055.76,3,297.67,614,11013,16310,110.16,-7.86
Bantul,130339.44,1,269.4,167,8634,24671,-7.89,110.33
